<Module>
	<Name value="SomeMinorTroopsAreNowFemale"/>
	<Id value="SomeMinorTroopsAreNowFemale"/>
	<Version value="v1.0.0"/>
	<SingleplayerModule value="true"/>
  <MultiplayerModule value="false"/>
  <DependedModules>
    <DependedModule Id="Native" />
    <DependedModule Id="SandBoxCore" />
    <DependedModule Id="Sandbox" />
    <DependedModule Id="CustomBattle" />
    <DependedModule Id="StoryMode" />
  </DependedModules>
  <SubModules>
  </SubModules>
	<Xmls>

    	<XmlNode>                
		<XmlName id="NPCCharacters" path="FemaleMinorTroops"/>
		<IncludedGameTypes>
			<GameType value = "Campaign"/>
       		<GameType value = "Sandbox"/>
        		<GameType value = "SandBoxCore"/>
        		<GameType value = "CampaignStoryMode"/>
        		<GameType value = "CustomGame"/>
		</IncludedGameTypes>
	</XmlNode>
	<XmlNode>                
		<XmlName id="partyTemplates" path="PartyTemplates"/>
		<IncludedGameTypes>
			<GameType value = "Campaign"/>
       		<GameType value = "Sandbox"/>
        		<GameType value = "SandBoxCore"/>
        		<GameType value = "CampaignStoryMode"/>
        		<GameType value = "CustomGame"/>
		</IncludedGameTypes>
	</XmlNode>  

  </Xmls>
</Module>