<partyTemplates>
<!-- party templates for mercenary minor factions (4) -->
  <MBPartyTemplate id="kingdom_hero_party_mercenary_aserai_template" >
    <stacks>
      <PartyTemplateStack min_value="2" max_value="2" troop="NPCCharacter.ghilman_tier_3" />
      <PartyTemplateStack min_value="4" max_value="4" troop="NPCCharacter.ghilman_tier_2" />
      <PartyTemplateStack min_value="8" max_value="8" troop="NPCCharacter.ghilman_tier_1" />
	  <PartyTemplateStack min_value="2" max_value="2" troop="NPCCharacter.ghilman_tier_3_female" />
      <PartyTemplateStack min_value="4" max_value="4" troop="NPCCharacter.ghilman_tier_2_female" />
      <PartyTemplateStack min_value="8" max_value="8" troop="NPCCharacter.ghilman_tier_1_female" />
    </stacks>
  </MBPartyTemplate>
  <MBPartyTemplate id="kingdom_hero_party_mercenary_empire_template" >
    <stacks>
      <PartyTemplateStack min_value="2" max_value="2" troop="NPCCharacter.legion_of_the_betrayed_tier_3" />
      <PartyTemplateStack min_value="4" max_value="4" troop="NPCCharacter.legion_of_the_betrayed_tier_2" />
      <PartyTemplateStack min_value="8" max_value="8" troop="NPCCharacter.legion_of_the_betrayed_tier_1" />
	  <PartyTemplateStack min_value="2" max_value="2" troop="NPCCharacter.legion_of_the_betrayed_tier_3_female" />
      <PartyTemplateStack min_value="4" max_value="4" troop="NPCCharacter.legion_of_the_betrayed_tier_2_female" />
	  <PartyTemplateStack min_value="8" max_value="8" troop="NPCCharacter.legion_of_the_betrayed_tier_1_female" />
    </stacks>
  </MBPartyTemplate>
  <MBPartyTemplate id="kingdom_hero_party_mercenary_sturgia_template" >
    <stacks>
      <PartyTemplateStack min_value="2" max_value="2" troop="NPCCharacter.skolderbrotva_tier_3" />
      <PartyTemplateStack min_value="4" max_value="4" troop="NPCCharacter.skolderbrotva_tier_2" />
      <PartyTemplateStack min_value="8" max_value="8" troop="NPCCharacter.skolderbrotva_tier_1" />
	  <PartyTemplateStack min_value="2" max_value="2" troop="NPCCharacter.skolderbrotva_tier_3_female" />
      <PartyTemplateStack min_value="4" max_value="4" troop="NPCCharacter.skolderbrotva_tier_2_female" />
      <PartyTemplateStack min_value="8" max_value="8" troop="NPCCharacter.skolderbrotva_tier_1_female" />
    </stacks>
  </MBPartyTemplate>
  <MBPartyTemplate id="kingdom_hero_party_mercenary_vlandia_template" >
    <stacks>
      <PartyTemplateStack min_value="2" max_value="2" troop="NPCCharacter.company_of_the_boar_tier_3" />
      <PartyTemplateStack min_value="4" max_value="4" troop="NPCCharacter.company_of_the_boar_tier_2" />
      <PartyTemplateStack min_value="8" max_value="8" troop="NPCCharacter.company_of_the_boar_tier_1" />
	  <PartyTemplateStack min_value="2" max_value="2" troop="NPCCharacter.company_of_the_boar_tier_3_female" />
      <PartyTemplateStack min_value="4" max_value="4" troop="NPCCharacter.company_of_the_boar_tier_2_female" />
      <PartyTemplateStack min_value="8" max_value="8" troop="NPCCharacter.company_of_the_boar_tier_1_female" />
    </stacks>
  </MBPartyTemplate>  

  <!-- party templates for outlaw minor factions (8) -->
  <MBPartyTemplate id="kingdom_hero_party_outlaw_aserai_template" >
    <stacks>
      <PartyTemplateStack min_value="2" max_value="2" troop="NPCCharacter.beni_zilal_tier_3" />
      <PartyTemplateStack min_value="4" max_value="4" troop="NPCCharacter.beni_zilal_tier_2" />
      <PartyTemplateStack min_value="8" max_value="8" troop="NPCCharacter.beni_zilal_tier_1" />
	  <PartyTemplateStack min_value="2" max_value="2" troop="NPCCharacter.beni_zilal_tier_3_female" />
      <PartyTemplateStack min_value="4" max_value="4" troop="NPCCharacter.beni_zilal_tier_2_female" />
      <PartyTemplateStack min_value="8" max_value="8" troop="NPCCharacter.beni_zilal_tier_1_female" />
    </stacks>
  </MBPartyTemplate>
  <MBPartyTemplate id="kingdom_hero_party_outlaw_battania_template" >
    <stacks>
      <PartyTemplateStack min_value="2" max_value="2" troop="NPCCharacter.wolfskins_tier_3" />
      <PartyTemplateStack min_value="4" max_value="4" troop="NPCCharacter.wolfskins_tier_2" />
      <PartyTemplateStack min_value="8" max_value="8" troop="NPCCharacter.wolfskins_tier_1" />
	  <PartyTemplateStack min_value="2" max_value="2" troop="NPCCharacter.wolfskins_tier_3_female" />
      <PartyTemplateStack min_value="4" max_value="4" troop="NPCCharacter.wolfskins_tier_2_female" />
      <PartyTemplateStack min_value="8" max_value="8" troop="NPCCharacter.wolfskins_tier_1_female" />
    </stacks>
  </MBPartyTemplate>
  <MBPartyTemplate id="kingdom_hero_party_outlaw_empire_e_template" >
    <stacks>
      <PartyTemplateStack min_value="8" max_value="8" troop="NPCCharacter.embers_of_flame_tier_1" />
      <PartyTemplateStack min_value="4" max_value="4" troop="NPCCharacter.embers_of_flame_tier_2" />
      <PartyTemplateStack min_value="2" max_value="2" troop="NPCCharacter.embers_of_flame_tier_3" /> 
	  <PartyTemplateStack min_value="8" max_value="8" troop="NPCCharacter.embers_of_flame_tier_1_female" />
      <PartyTemplateStack min_value="4" max_value="4" troop="NPCCharacter.embers_of_flame_tier_2_female" />
      <PartyTemplateStack min_value="2" max_value="2" troop="NPCCharacter.embers_of_flame_tier_3_female" />
    </stacks>
  </MBPartyTemplate>
  <MBPartyTemplate id="kingdom_hero_party_outlaw_empire_s_template" >
    <stacks>
      <PartyTemplateStack min_value="2" max_value="2" troop="NPCCharacter.guardians_tier_3" />
      <PartyTemplateStack min_value="4" max_value="4" troop="NPCCharacter.guardians_tier_2" />
      <PartyTemplateStack min_value="8" max_value="8" troop="NPCCharacter.guardians_tier_1" />
	  <PartyTemplateStack min_value="2" max_value="2" troop="NPCCharacter.guardians_tier_3_female" />
      <PartyTemplateStack min_value="4" max_value="4" troop="NPCCharacter.guardians_tier_2_female" />
      <PartyTemplateStack min_value="8" max_value="8" troop="NPCCharacter.guardians_tier_1_female" />
    </stacks>
  </MBPartyTemplate>
  <MBPartyTemplate id="kingdom_hero_party_outlaw_empire_w_template" >
    <stacks>
      <PartyTemplateStack min_value="8" max_value="8" troop="NPCCharacter.hidden_hand_tier_1" />
      <PartyTemplateStack min_value="4" max_value="4" troop="NPCCharacter.hidden_hand_tier_2" />
      <PartyTemplateStack min_value="2" max_value="2" troop="NPCCharacter.hidden_hand_tier_3" />
	  <PartyTemplateStack min_value="8" max_value="8" troop="NPCCharacter.hidden_hand_tier_1_female" />
      <PartyTemplateStack min_value="4" max_value="4" troop="NPCCharacter.hidden_hand_tier_2_female" />
      <PartyTemplateStack min_value="2" max_value="2" troop="NPCCharacter.hidden_hand_tier_3_female" />
    </stacks>
  </MBPartyTemplate>
  <MBPartyTemplate id="kingdom_hero_party_outlaw_sturgia_template" >
    <stacks>
      <PartyTemplateStack min_value="8" max_value="8" troop="NPCCharacter.lakepike_tier_1" />
      <PartyTemplateStack min_value="4" max_value="4" troop="NPCCharacter.lakepike_tier_2" />
      <PartyTemplateStack min_value="2" max_value="2" troop="NPCCharacter.lakepike_tier_3" />
	  <PartyTemplateStack min_value="8" max_value="8" troop="NPCCharacter.lakepike_tier_1_female" />
      <PartyTemplateStack min_value="4" max_value="4" troop="NPCCharacter.lakepike_tier_2_female" />
      <PartyTemplateStack min_value="2" max_value="2" troop="NPCCharacter.lakepike_tier_3_female" />
    </stacks>
  </MBPartyTemplate>
  <MBPartyTemplate id="kingdom_hero_party_outlaw_vlandia_template" >
    <stacks>
      <PartyTemplateStack min_value="2" max_value="2" troop="NPCCharacter.brotherhood_of_woods_tier_3" />
      <PartyTemplateStack min_value="4" max_value="4" troop="NPCCharacter.brotherhood_of_woods_tier_2" />
      <PartyTemplateStack min_value="8" max_value="8" troop="NPCCharacter.brotherhood_of_woods_tier_1" />
	  <PartyTemplateStack min_value="2" max_value="2" troop="NPCCharacter.brotherhood_of_woods_tier_3_female" />
      <PartyTemplateStack min_value="4" max_value="4" troop="NPCCharacter.brotherhood_of_woods_tier_2_female" />
      <PartyTemplateStack min_value="8" max_value="8" troop="NPCCharacter.brotherhood_of_woods_tier_1_female" />
    </stacks>
  </MBPartyTemplate>

  <!-- party templates for nomad minor factions (4) -->
  <MBPartyTemplate id="kingdom_hero_party_jawwal_template" >
    <stacks>
      <PartyTemplateStack min_value="2" max_value="2" troop="NPCCharacter.jawwal_tier_3" />
      <PartyTemplateStack min_value="4" max_value="4" troop="NPCCharacter.jawwal_tier_2" />
      <PartyTemplateStack min_value="8" max_value="8" troop="NPCCharacter.jawwal_tier_1" />
	  <PartyTemplateStack min_value="2" max_value="2" troop="NPCCharacter.jawwal_tier_3_female" />
      <PartyTemplateStack min_value="4" max_value="4" troop="NPCCharacter.jawwal_tier_2_female" />
      <PartyTemplateStack min_value="8" max_value="8" troop="NPCCharacter.jawwal_tier_1_female" />
    </stacks>
  </MBPartyTemplate>
  <MBPartyTemplate id="kingdom_hero_party_karakhuzaits_template" >
    <stacks>
      <PartyTemplateStack min_value="2" max_value="2" troop="NPCCharacter.karakhuzaits_tier_3" />
      <PartyTemplateStack min_value="4" max_value="4" troop="NPCCharacter.karakhuzaits_tier_2" />
      <PartyTemplateStack min_value="8" max_value="8" troop="NPCCharacter.karakhuzaits_tier_1" />
	  <PartyTemplateStack min_value="2" max_value="2" troop="NPCCharacter.karakhuzaits_tier_3_female" />
      <PartyTemplateStack min_value="4" max_value="4" troop="NPCCharacter.karakhuzaits_tier_2_female" />
      <PartyTemplateStack min_value="8" max_value="8" troop="NPCCharacter.karakhuzaits_tier_1_female" />
    </stacks>
  </MBPartyTemplate>
  <MBPartyTemplate id="kingdom_hero_party_forest_people_template" >
    <stacks>
      <PartyTemplateStack min_value="2" max_value="2" troop="NPCCharacter.forest_people_tier_3" />
      <PartyTemplateStack min_value="4" max_value="4" troop="NPCCharacter.forest_people_tier_2" />
      <PartyTemplateStack min_value="8" max_value="8" troop="NPCCharacter.forest_people_tier_1" />
	  <PartyTemplateStack min_value="2" max_value="2" troop="NPCCharacter.forest_people_tier_3_female" />
      <PartyTemplateStack min_value="4" max_value="4" troop="NPCCharacter.forest_people_tier_2_female" />
      <PartyTemplateStack min_value="8" max_value="8" troop="NPCCharacter.forest_people_tier_1_female" />
    </stacks>
  </MBPartyTemplate>
  <MBPartyTemplate id="kingdom_hero_party_eleftheroi_template" >
    <stacks>
      <PartyTemplateStack min_value="2" max_value="2" troop="NPCCharacter.eleftheroi_tier_3" />
      <PartyTemplateStack min_value="4" max_value="4" troop="NPCCharacter.eleftheroi_tier_2" />
      <PartyTemplateStack min_value="8" max_value="8" troop="NPCCharacter.eleftheroi_tier_1" />
	  <PartyTemplateStack min_value="2" max_value="2" troop="NPCCharacter.eleftheroi_tier_3_female" />
      <PartyTemplateStack min_value="4" max_value="4" troop="NPCCharacter.eleftheroi_tier_2_female" />
      <PartyTemplateStack min_value="8" max_value="8" troop="NPCCharacter.eleftheroi_tier_1_female" />
    </stacks>
  </MBPartyTemplate>
</partyTemplates>